query,rank,distance,relevant,chunk
What does the Viterbi algorithm compute?,1,0.2114,0,461). Soft output Viterbi algorithm See also References
What does the Viterbi algorithm compute?,2,0.256,0,"original Viterbi algorithm calculates every node in the trellis of possible outcomes, the Lazy Viterbi algorithm maintains a prioritized list of nodes to evaluate in order, and the number of calculations required is typically fewer (and never more) than the ordinary Viterbi algorithm for the same result. However, it is not so easy to parallelize in hardware. Extensions"
What does the Viterbi algorithm compute?,3,0.2941,1,"Viterbi algorithm The Viterbi algorithm is a dynamic programming algorithm that finds the most likely sequence of hidden events that would explain a sequence of observed events. The result of the algorithm is often called the Viterbi path. It is most commonly used with hidden Markov models (HMMs). For example, if a doctor observes a patient's symptoms over several days (the observed events), the V"
What does the Viterbi algorithm compute?,4,0.3336,0,"040367). ISBN 978-0-7803-7467-6. S2CID 9783963 (https://api.semanticscholar.org/CorpusID: 9783963). Forney GD (March 1973). ""The Viterbi algorithm"". Proceedings of the IEEE. 61 (3): 268–278. doi:10.1109/PROC.1973.9030 (https://doi.org/10.1109%2FPROC.1973.9030). Subscription required. Press, WH; Teukolsky, SA; Vetterling, WT; Flannery, BP (2007). ""Section 16.2. Viterbi Decoding"" (https://web.archiv"
What does the Viterbi algorithm compute?,5,0.3433,1,"speech-to-text (speech recognition), the acoustic signal is the observed sequence, and a string of text is the ""hidden cause"" of that signal. The Viterbi algorithm finds the most likely string of text given the acoustic signal. The Viterbi algorithm is named after Andrew Viterbi, who proposed it in 1967 as a decoding algorithm for convolutional codes over noisy digital communication links.[2] It h"
What does the Viterbi algorithm compute?,6,0.3759,0,"between variables and some type of linear structure among the variables. The general algorithm involves message passing and is substantially similar to the belief propagation algorithm (which is the generalization of the forward-backward algorithm). With an algorithm called iterative Viterbi decoding, one can find the subsequence of an observation that matches best (on average) to a given hidden M"
What does the Viterbi algorithm compute?,7,0.3761,0,"proposed by Qi Wang et al. to deal with turbo code.[9] Iterative Viterbi decoding works by iteratively invoking a modified Viterbi algorithm, reestimating the score for a filler until convergence. An alternative algorithm, the Lazy Viterbi algorithm, has been proposed.[10] For many applications of practical interest, under reasonable noise conditions, the lazy decoder (using Lazy Viterbi algorithm"
What does the Viterbi algorithm compute?,8,0.3767,0,"Tutorial (http://pl91.ddns.net/viterbi/tutorial.html) on convolutional coding with viterbi decoding, by Chip Fleming A tutorial for a Hidden Markov Model toolkit (implemented in C) that contains a description of the Viterbi algorithm (http://www.kanungo.com/software/hmmtut.pdf) Viterbi algorithm (http://www.scholarpedia.org/article/Viterbi_algorithm) by Dr. Andrew J. Viterbi (scholarpedia.org). Ma"
What does the Viterbi algorithm compute?,9,0.3789,0,"The soft output Viterbi algorithm (SOVA) is a variant of the classical Viterbi algorithm. SOVA differs from the classical Viterbi algorithm in that it uses a modified path metric which takes into account the a priori probabilities of the input symbols, and produces a soft output indicating the reliability of the decision. The first step in the SOVA is the selection of the survivor path, passing th"
What does the Viterbi algorithm compute?,10,0.3823,0,"oi.org/10.1109%2F5.18626). S2CID 13618539 (https://api.semanticscholar.org/CorpusID:1361 8539). (Describes the forward algorithm and Viterbi algorithm for HMMs). Shinghal, R. and Godfried T. Toussaint, ""Experiments in text recognition with the modified Viterbi algorithm,"" IEEE Transactions on Pattern Analysis and Machine Intelligence, Vol. PAMI- l, April 1979, pp. 184–193. Shinghal, R. and Godfrie"
What is Chomsky normal form in the CYK algorithm?,1,0.3479,0,"John Cocke, Daniel Younger, Tadao Kasami, and Jacob T. Schwartz. It employs bottom-up parsing and dynamic programming. The standard version of CYK operates only on context-free grammars given in Chomsky normal form (CNF). However any context-free grammar may be algorithmically transformed into a CNF grammar expressing the same language (Sipser 1997). The importance of the CYK algorithm stems from "
What is Chomsky normal form in the CYK algorithm?,2,0.4161,1,"Chomsky normal form (CNF), because it tests for possibilities to split the current sequence into two smaller sequences. Any context-free grammar that does not generate the empty string can be represented in CNF using only production rules of the forms  and ; to allow for the empty string, one can explicitly allow , where  is the start symbol.[3] The algorithm in pseudocode is as follows: let the i"
What is Chomsky normal form in the CYK algorithm?,3,0.4695,0,"right-hand side. Using  to denote the size of the original grammar, the size blow-up in the worst case may range from  to , depending on the transformation algorithm used. For the use in teaching, Lange and Leiß propose a slight generalization of the CYK algorithm, ""without compromising efficiency of the algorithm, clarity of its presentation, or simplicity of proofs"" (Lange & Leiß 2009). It is al"
What is Chomsky normal form in the CYK algorithm?,4,0.4761,0,"doi:10.1016/s0022-0000(75)80046-8 (https://doi.org/10.1016%2Fs0022-0000%2875%2980046 -8). Younger, Daniel H. (February 1967). ""Recognition and parsing of context-free languages in time n3"" (https://doi.org/10.1016%2Fs0019-9958%2867%2980007-x). Inform. Control. 10 (2): 189–208. doi:10.1016/s0019-9958(67)80007-x (https://doi.org/10.1016%2Fs0019-9958%286 7%2980007-x). Interactive Visualization of the"
What is Chomsky normal form in the CYK algorithm?,5,0.4953,0,"Cocke–Younger–Kasami algorithm (CYK) Class Parsing with context-free grammars Data structure String Worst-case performance , where:  is length of the string  is the size of the CNF grammar CYK algorithm In computer science, the Cocke–Younger– Kasami algorithm (alternatively called CYK, or CKY) is a parsing algorithm for context-free grammars published by Itiroo Sakai in 1961.[1][2] The algorithm i"
What is Chomsky normal form in the CYK algorithm?,6,0.5049,0,"algorithm. His algorithm computes the same parsing table as the CYK algorithm; yet he showed that algorithms for efficient multiplication of matrices with 0-1-entries can be utilized for performing this computation. Using the Coppersmith–Winograd algorithm for multiplying these matrices, this gives an asymptotic worst-case running time of . However, the constant term hidden by the Big O Notation i"
What is Chomsky normal form in the CYK algorithm?,7,0.5219,0,"O notation, the worst case running time of CYK is , where  is the length of the parsed string and  is the size of the CNF grammar  (Hopcroft & Ullman 1979, p. 140). This makes it one of the most efficient parsing algorithms in terms of worst-case asymptotic complexity, although other algorithms exist with better average running time in many practical scenarios. The dynamic programming algorithm re"
What is Chomsky normal form in the CYK algorithm?,8,0.527,0,"CYK parsing demo in JavaScript (https://martinlaz.github.io/demos/cky.html) Exorciser is a Java application to generate exercises in the CYK algorithm as well as Finite State Machines, Markov algorithms etc (https://www.swisseduc.ch/informatik/exorciser/) Retrieved from ""https://en.wikipedia.org/w/index.php?title=CYK_algorithm&oldid=1369222226"" External links"
What is Chomsky normal form in the CYK algorithm?,9,0.5404,0,"become very small due to multiplying many probabilities together. This can be dealt with by summing log-probability instead of multiplying probabilities. The worst case running time of CYK is , where n is the length of the parsed string and |G| is the size of the CNF grammar G. This makes it one of the most efficient algorithms for recognizing general context-free languages in practice. Valiant (1"
What is Chomsky normal form in the CYK algorithm?,10,0.5619,0,"Sentence parsing using the CYK algorithm CYK table S VP   S VP PP S NP NP NP V, VP Det. N P Det N she eats a fish with a fork For readability, the CYK table for P is represented here as a 2-dimensional matrix M containing a set of non-terminal symbols, such that Rk is in    if, and only if,   . In the above example, since a start symbol S is in   , the sentence can be generated by the grammar."
What are the CBOW and skip-gram models?,1,0.3335,0,"objective of training is to maximize . In full formula, the loss function is Same as CBOW, once such a system is trained, we have two trained matrices . Either the column vectors of  or the row vectors of  can serve as the dictionary. It is also possible to simply define , in which case there would no longer be a choice. Essentially, skip-gram and CBOW are exactly the same in architecture. They on"
What are the CBOW and skip-gram models?,2,0.3354,0,"In models using large corpora and a high number of dimensions, the skip-gram model yields the highest overall accuracy, and consistently produces the highest accuracy on semantic relationships, as well as yielding the highest syntactic accuracy in most cases. However, the CBOW is less computationally expensive and yields similar accuracy results.[1] Overall, accuracy increases with the number of w"
What are the CBOW and skip-gram models?,3,0.3573,1,"Continuous bag-of-words (CBOW) model Illustration of CBOW as a neural network A corpus is a sequence of words. Both CBOW and skip-gram are methods to learn one vector per word appearing in the corpus. Let  (""vocabulary"") be the set of all words appearing in the corpus . Our goal is to learn one vector  for each word . The idea of skip-gram is that the vector of a word should be close to the vector"
What are the CBOW and skip-gram models?,4,0.3617,0,", the likelihood function of the skip-gram model is the probability of generating all context words given any center word: where any time step that is less than  or greater than  can be omitted. Training The skip-gram model parameters are the center word vector and context word vector for each word in the vocabulary. In training, we learn the model parameters by maximizing the likelihood function "
What are the CBOW and skip-gram models?,5,0.389,0,"After training, for any word with index  in the dictionary, we obtain both word vectors  (as the center word) and  (as the context word). In natural language processing applications, the center word vectors of the skip-gram model are typically used as the word representations. The Continuous Bag of Words (CBOW) Model The continuous bag of words (CBOW) model is similar to the skip-gram model. The m"
What are the CBOW and skip-gram models?,6,0.412,0,"Skip-gram This system can be visualized as a neural network, similar in spirit to an autoencoder, of architecture linear-linear-softmax, as depicted in the diagram. The system is trained by gradient descent to minimize the cross-entropy loss. In full formula, the cross-entropy loss is: where the outer summation  is over the words in a corpus, the quantity  is the sum of a word's neighbors' vectors"
What are the CBOW and skip-gram models?,7,0.414,0,"a word's neighbors' vectors, etc. Once such a system is trained, we have two trained matrices . Either the column vectors of  or the row vectors of  can serve as the dictionary. For example, the word ""sat"" can be represented as either the ""sat""-th column of  or the ""sat""-th row of . It is also possible to simply define , in which case there would no longer be a choice. The idea of skip-gram is to "
What are the CBOW and skip-gram models?,8,0.4158,0,"architecture (CBOW or Skip-Gram), increasing the training data set, increasing the number of vector dimensions, and increasing the window size of words considered by the algorithm. Each of these improvements comes with the cost of increased computational complexity and therefore increased model generation time.[1] Preservation of semantic and syntactic relationships Assessing the quality of a mode"
What are the CBOW and skip-gram models?,9,0.4377,1,"of words: continuous bag of words (CBOW) or continuously sliding skip-gram. In both architectures, Word2Vec considers both individual words and a sliding context window as it iterates over the corpus. The CBOW can be viewed as a 'fill in the blank' task, where the word embedding represents the way the word influences the relative probabilities of other words in the context window. Words which are "
What are the CBOW and skip-gram models?,10,0.4409,0,"T, C, G, A, ... ..., AG, GC, CT, TT, TC, CG, GA, ... ..., AGC, GCT, CTT, TTC, TCG, CGA, ... Character n- gram language model character ...to_be_or_not_to_be... ..., t, o, _, b, e, _, o, r, _, n, o, t, _, t, o, _, b, e, ... ..., to, o_, _b, be, e_, _o, or, r_, _n, no, ot, t_, _t, to, o_, _b, be, ... ..., to_, o_b, _be, be_, e_o, _or, or_, r_n, _no, not, ot_, t_t, _to, to_, o_b, _be, ... Word n-gram"
What is negative sampling?,1,0.4178,1,"sampling adds negative examples sampled from a predefined distribution. Denote by $S$ the event that a context word $w_o$ comes from the context window of a center word $w_c$. For this event involving $w_o$, from a predefined distribution $P(w)$ sample $K$ noise words that are not from this context window. Denote by $N_k$ the event that a noise word $w_k$ ($k=1, \ldots, K$) does not come from the "
What is negative sampling?,2,0.4938,0,"$$\sum_{w \in \mathcal{V}} P(w \mid w_c) = 1.$$ :eqlabel:eq_hi-softmax-sum-one Fortunately, since $L(w_o)-1$ is on the order of $\mathcal{O} (\textrm{log}_2|\mathcal{V}|)$ due to the binary tree structure, when the dictionary size $\mathcal{V}$ is huge, the computational cost for each training step using hierarchical softmax is significantly reduced compared with that without approximate training."
What is negative sampling?,3,0.4948,0,"example and negative examples $S, N_1, \ldots, N_K$ are mutually independent. Negative sampling rewrites the joint probability (involving only positive examples) in :eqref:eq-negative-sample-pos as $$ \prod_{t=1}^{T} \prod_{-m \leq j \leq m,\ j \neq 0} P(w^{(t+j)} \mid w^{(t)}),$$ where the conditional probability is approximated through events $S, N_1, \ldots, N_K$: $$ P(w^{(t+j)} \mid w^{(t)}) ="
What is negative sampling?,4,0.5101,0,independent events that involve both positive and negative examples. The computational cost for training is linearly dependent on the number of noise words at each step. Hierarchical softmax constructs the loss function using the path from the root node to the leaf node in the binary tree. The computational cost for training is dependent on the logarithm of the dictionary size at each step. Exerci
What is negative sampling?,5,0.5206,1,"approximate the conditional log-likelihood a model seeks to maximize, the hierarchical softmax method uses a Huffman tree to reduce calculation. The negative sampling method, on the other hand, approaches the maximization problem by minimizing the log-likelihood of sampled negative instances. According to the authors, hierarchical softmax works better for infrequent words while negative sampling w"
What is negative sampling?,6,0.5221,1,"Negative Sampling :label:subsec_negative-sampling Negative sampling modifies the original objective function. Given the context window of a center word $w_c$, the fact that any (context) word $w_o$ comes from this context window is considered as an event with the probability modeled by $$P(D=1\mid w_c, w_o) = \sigma(\mathbf{u}_o^\top \mathbf{v}_c),$$ where $\sigma$ uses the definition of the sigmo"
What is negative sampling?,7,0.5803,0,"huge! In order to reduce the aforementioned computational complexity, this section will introduce two approximate training methods: negative sampling and hierarchical softmax. Due to the similarity between the skip-gram model and the continuous bag of words model, we will just take the skip-gram model as an example to describe these two approximate training methods. Negative Sampling :label:subsec"
What is negative sampling?,8,0.6243,0,"$$ \prod_{t=1}^{T} \prod_{-m \leq j \leq m,\ j \neq 0} P(D=1\mid w^{(t)}, w^{(t+j)}).$$ :eqlabel:eq-negative-sample-pos However, :eqref:eq-negative-sample-pos only considers those events that involve positive examples. As a result, the joint probability in :eqref:eq-negative-sample- pos is maximized to 1 only if all the word vectors are equal to infinity. Of course, such results are meaningless. T"
What is negative sampling?,9,0.678,0,"2. Verify that :eqref:eq_hi-softmax-sum-one holds. 3. How to train the continuous bag of words model using negative sampling and hierarchical softmax, respectively? Discussions"
What is negative sampling?,10,0.6849,0,"measures are called precision, recall, and F1 score. However, several issues remain in just how to calculate those values. These statistical measures work reasonably well for the obvious cases of finding or missing a real entity exactly; and for finding a non-entity. However, NER can fail in many other ways, many of which are arguably ""partially correct"", and should not be counted as complete succ"
How is tf-idf calculated?,1,0.2438,0,"performed as follows: In its raw frequency form, tf is just the frequency of the ""this"" for each document. In each document, the word ""this"" appears once; but as the document 2 has more words, its relative frequency is smaller. An idf is constant per corpus, and accounts for the ratio of documents that include the word ""this"". In this case, we have a corpus of two documents and all of them include"
How is tf-idf calculated?,2,0.2477,0,"8. Aizawa, Akiko (2003). ""An information-theoretic perspective of tf–idf measures"". Information Processing and Management. 39 (1): 45–65. doi:10.1016/S0306-4573(02)00021-3 (https://doi. org/10.1016%2FS0306-4573%2802%2900021-3). S2CID 45793141 (https://api.semanticschol ar.org/CorpusID:45793141). See also References"
How is tf-idf calculated?,3,0.263,1,"log normalization-idf : is the set of all documents in the corpus : total number of documents in the corpus  : number of documents where the term  appears (i.e., ). If the term is not in the corpus, this will lead to a division-by-zero. It is therefore common to adjust the numerator to  and the denominator to . Then tf–idf is calculated as A high weight in tf–idf is reached by a high term frequenc"
How is tf-idf calculated?,4,0.2742,0,"idf component.[14] A number of term-weighting schemes have derived from tf–idf. One of them is TF–PDF (term frequency * proportional document frequency).[15] TF–PDF was introduced in 2001 in the context of identifying emerging topics in the media. The PDF component measures the difference of how often a term occurs in different domains. Another derivate is TF–IDuF. In TF–IDuF,[16] idf is not calcu"
How is tf-idf calculated?,5,0.2858,0,"Wu, H. C.; Luk, R.W.P.; Wong, K.F.; Kwok, K.L. (2008). ""Interpreting TF-IDF term weights as making relevance decisions"". ACM Transactions on Information Systems. 26 (3): 1. doi:10.1145/1361684.1361686 (https://doi.org/10.1145%2F1361684.1361686). hdl:10397/10130 (https://hdl.handle.net/10397%2F10130). S2CID 18303048 (https://api.seman ticscholar.org/CorpusID:18303048). Gensim is a Python library fo"
How is tf-idf calculated?,6,0.2875,1,"Variants of term frequency (tf) weight weighting scheme tf weight binary raw count term frequency log normalization double normalization 0.5 double normalization K to which play it is. 1. The tf–idf is the product of two statistics, term frequency and inverse document frequency. There are various ways for determining the exact values of both statistics. 2. A formula that aims to define the importa"
How is tf-idf calculated?,7,0.3002,0,"tf–idf In information retrieval, tf–idf (term frequency–inverse document frequency, TF*IDF, TFIDF, TF–IDF, or Tf–idf) is a measure of importance of a word to a document in a collection or corpus, adjusted for the fact that some words appear more frequently in general.[1] Like the bag- of-words model, it models a document as a multiset of words, without word order. It is a refinement over the simpl"
How is tf-idf calculated?,8,0.3013,0,"frequency–inverse document frequency (btf–idf) and term frequency–inverse collection frequency (tf–icf), thereby establishing a direct connection between tf–idf family term-weighting schemes and statistical hypothesis testing.[10] Suppose that we have term count tables of a corpus consisting of only two documents: ""This is a sample A."" ""This is another example, another example, example."" The calcu"
How is tf-idf calculated?,9,0.3311,0,"and a low document frequency of the term in the whole collection of documents; the weights hence tend to filter out common terms. Since the ratio inside the idf's log function is always greater than or equal to 1, the value of idf (and tf–idf) is greater than or equal to 0. As a term appears in more documents, the ratio inside the logarithm approaches 1, bringing the idf and tf–idf closer to 0. Id"
How is tf-idf calculated?,10,0.3329,0,"calculated on users' personal document collections. The authors report that TF–IDuF was equally effective as tf–idf but could also be applied in situations when, e.g., a user modeling system has no access to a global document corpus. The DELTA TF-IDF [17] derivative uses the difference in importance of a term across two specific classes, like positive and negative sentiment. For example, Beyond te"
What co-occurrence statistics does GloVe use?,1,0.3728,1,"Interpreting GloVe from the Ratio of Co-occurrence Probabilities We can also interpret the GloVe model from another perspective. Using the same notation in :numref:subsec_skipgram-global, let $p_{ij} \stackrel{\textrm{def}}{=} P(w_j \mid w_i)$ be the conditional probability of generating the context word $w_j$ given $w_i$ as the center word in the corpus. :numref:tab_glove lists several co- occurr"
What co-occurrence statistics does GloVe use?,2,0.3754,1,"GloVe can be interpreted from the ratio of word-word co-occurrence probabilities. Exercises 1. If words $w_i$ and $w_j$ co-occur in the same context window, how can we use their distance in the text sequence to redesign the method for calculating the conditional probability $p_{ij}$? Hint: see Section 4.2 of the GloVe paper :cite:Pennington.Socher.Manning.2014. 2. For any word, are its center word"
What co-occurrence statistics does GloVe use?,3,0.4163,1,statistics from a large corpus. :Word-word co-occurrence probabilities and their ratios from a large corpus (adapted from Table 1 in :citet:Pennington.Socher.Manning.2014) :label:tab_glove $w_k$= solid gas water fashion $p_1=P(w_k\mid \textrm{ice})$ 0.00019 0.000066 0.003 0.000017 $p_2=P(w_k\mid\textrm{steam})$ 0.000022 0.00078 0.0022 0.000018 $p_1/p_2$ 8.9 0.085 1.36 0.96 We can observe the follo
What co-occurrence statistics does GloVe use?,4,0.466,0,":eqlabel:eq_glove-square Measuring the squared error of :eqref:eq_glove-square with weights, the GloVe loss function in :eqref:eq_glove-loss is obtained. Summary The skip-gram model can be interpreted using global corpus statistics such as word-word co-occurrence counts. The cross-entropy loss may not be a good choice for measuring the difference of two probability distributions, especially for a "
What co-occurrence statistics does GloVe use?,5,0.4894,1,":label:sec_glove Word-word co-occurrences within context windows may carry rich semantic information. For example, in a large corpus word ""solid"" is more likely to co-occur with ""ice"" than ""steam"", but word ""gas"" probably co-occurs with ""steam"" more frequently than ""ice"". Besides, global corpus statistics of such co-occurrences can be precomputed: this can lead to more efficient training. To lever"
What co-occurrence statistics does GloVe use?,6,0.4941,1,"$w_j$, then vice versa. Therefore, $x_{ij}=x_{ji}$. Unlike word2vec that fits the asymmetric conditional probability $p_{ij}$, GloVe fits the symmetric $\log \, x_{ij}$. Therefore, the center word vector and the context word vector of any word are mathematically equivalent in the GloVe model. However in practice, owing to different initialization values, the same word may still get different value"
What co-occurrence statistics does GloVe use?,7,0.5054,0,"large corpus are often modeled by the cross-entropy loss to be assigned with too much weight. The GloVe Model In view of this, the GloVe model makes three changes to the skip-gram model based on squared loss :cite:Pennington.Socher.Manning.2014: 1. Use variables $p'_{ij}=x_{ij}$ and $q'_{ij}=\exp(\mathbf{u}_j^\top \mathbf{v}_i)$ that are not probability distributions and take the logarithm of both"
What co-occurrence statistics does GloVe use?,8,0.5187,0,"\left(\mathbf{u}_j^\top \mathbf{v}_i - \log\,x_{ij}\right)^2$. 2. Add two scalar model parameters for each word $w_i$: the center word bias $b_i$ and the context word bias $c_i$. 3. Replace the weight of each loss term with the weight function $h(x_{ij})$, where $h(x)$ is increasing in the interval of $[0, 1]$. Putting all things together, training GloVe is to minimize the following loss function:"
What co-occurrence statistics does GloVe use?,9,0.5512,0,"being the center word and $w_j$ and $w_k$ being the context words, we want to fit this ratio using some function $f$: $$f(\mathbf{u}_j, \mathbf{u}_k, {\mathbf{v}}_i) \approx \frac{p_{ij}}{p_{ik}}.$$ :eqlabel:eq_glove-f Among many possible designs for $f$, we only pick a reasonable choice in the following. Since the ratio of co-occurrence probabilities is a scalar, we require that $f$ be a scalar f"
What co-occurrence statistics does GloVe use?,10,0.5745,0,"Below lists pretrained GloVe embeddings of dimension 50, 100, and 300, which can be downloaded from the GloVe website. Thepretrained fastText embeddings are available in multiple languages. Here we consider one English version (300-dimensional ""wiki.en"") that can be downloaded from the fastText website. Loading Pretrained Word Vectors ""@save"" is not an allowedannotation - allowed valuesinclude [@"
What is masked language modelling in BERT?,1,0.2237,1,"As illustrated in :numref:sec_language-model, a language model predicts a token using the context on its left. To encode context bidirectionally for representing each token, BERT randomly masks tokens and uses tokens from the bidirectional context to predict themasked tokens in a self-supervised fashion. This task is referred to as a masked language model."
What is masked language modelling in BERT?,2,0.2884,0,Note that for 10% of 15% time a random token is inserted. This occasional noise encourages BERT to be less biased towards themasked token (especially when the label token remains unchanged) in its bidirectional context encoding. We implement the following MaskLM class to predict masked tokens in the masked language model task of BERT pretraining. The prediction uses a one-hidden-layer MLP (self.ml
What is masked language modelling in BERT?,3,0.2885,0,":cite:Zhu.Kiros.Zemel.ea.2015 and English Wikipedia. These two text corpora are huge: they have 800 million words and 2.5 billion words, respectively. When pretraining BERT, the final loss function is a linear combination of both the loss functions for masked language modeling and next sentence prediction. Now we can define the BERTModel class by instantiating the three classes BERTEncoder, MaskLM"
What is masked language modelling in BERT?,4,0.3038,0,"""@save"" is not an allowed annotation - allowed values include[@param, @title, @markdown]. Hide code To demonstrate [the forward inference of MaskLM], we create its instance mlm and initialize it. Recall that encoded_X from the forward inference of BERTEncoder represents 2 BERT input sequences. We define mlm_positions as the 3 indices to predict in either BERT input sequence of encoded_X. The forwa"
What is masked language modelling in BERT?,5,0.309,0,"and the token positions for prediction. The output is the prediction results at these positions. #@saveclass MaskLM(nn.Module):    """"""The masked language model task of BERT.""""""    def __init__(self, vocab_size, num_hiddens, **kwargs):        super(MaskLM, self).__init__(**kwargs)        self.mlp = nn.Sequential(nn.LazyLinear(num_hiddens                                 nn.ReLU(),                   "
What is masked language modelling in BERT?,6,0.3264,0,"“<cls>” and “<seq>”. Next, we will use these representations to compute the loss function for pretraining BERT. The pretraining is composed of the following two tasks: masked language modeling and next sentence prediction. [Masked Language Modeling] :label:subsec_mlm Pretraining Tasks"
What is masked language modelling in BERT?,7,0.3483,1,"In this pretraining task, 15% of tokens will be selected at random as the masked tokens for prediction. To predict a masked tokenwithout cheating by using the label, one straightforward approach is to always replace it with a special “<mask>” token in the BERT input sequence. However, the artificial special token “<mask>” will never appear in fine-tuning. To avoid such a mismatch between"
What is masked language modelling in BERT?,8,0.3524,0,"NextSentencePred. The forward inference returns the encoded BERT representations encoded_X, predictions of masked language modeling mlm_Y_hat, and next sentence predictions nsp_Y_hat. [Putting It All Together]"
What is masked language modelling in BERT?,9,0.3532,0,"embedding is associated with the integer index. Algorithms include byte-pair encoding (BPE) and WordPiece. There are also special tokens serving as control characters, such as [MASK] for masked-out token (as used in BERT), and [UNK] (""unknown"") for characters not appearing in the vocabulary. Also, some special symbols are used to denote special text formatting. For example, ""Ġ"" denotes a preceding"
What is masked language modelling in BERT?,10,0.3706,0,"Pretraining BERT is composed of two tasks: masked language modeling and next sentence prediction. The former is able toencode bidirectional context for representing words, while the latter explicitly models the logical relationship between text pairs. Exercises 1. All other things being equal, will a masked language model require more or fewer pretraining steps to converge than a left-to-right lan"
How does fastText use character n-grams?,1,0.3677,0,"verification for short messages using stylometry"". 2013 International Conference on Computer, Information and Telecommunication Systems (CITS). pp. 1–6. doi:10.1109/CITS.2013.6705711 (https://doi.org/10.1109%2FCITS.2013.6705711). ISBN 978-1-4799-0168-5. Ngram Extractor: Gives weight of n-gram based on their frequency. (https://www.ngramextracto r.com) Google's Google Books n-gram viewer (https://b"
How does fastText use character n-grams?,2,0.3724,0,"n-gram An n-gram is a sequence of n adjacent symbols in a particular order.[1] The symbols may be n adjacent letters (including punctuation marks and blanks), syllables, or rarely whole words found in a language dataset; or adjacent phonemes extracted from a speech-recording dataset, or adjacent base pairs extracted from a genome. They are collected from a text corpus or speech corpus. If Latin nu"
How does fastText use character n-grams?,3,0.3983,0,characters (including blanks and punctuation marks) are treated as an initial set of n-grams (i.e. initial set of uni-grams). Successively the most frequent pair of adjacent characters is merged into a bi-gram and all instances of the pair are replaced by it. All occurrences of adjacent pairs of (previously merged) n-grams that most frequently occur together are then again merged into even lengthi
How does fastText use character n-grams?,4,0.4064,0,"shingles.[2] In the context of natural language processing (NLP), the use of n-grams allows bag-of-words models to capture information such as word order, which would not be possible in the traditional bag of words setting. In 1951, Shannon[3] discussed n-gram models of English. For example: 3-gram character model (random draw based on the probabilities of each trigram): in no ist lat whey cratict"
How does fastText use character n-grams?,5,0.4641,0,"lang-stat, many $n$-grams occur very rarely, making Laplace smoothing rather unsuitable for language modeling. Second, we needto store all counts. Third, this entirely ignores the meaning of the words. For instance, ""cat"" and ""feline"" should occur in related"
How does fastText use character n-grams?,6,0.4649,1,"In 2017, researchers at Facebook AI Research described an extension of the skip-gram model used in fastText, in which words are represented as combinations of character n-grams. This incorporates subword information into word representations and allows vectors to be constructed for words that did not appear in the training data.[14] Static embedding methods such as Word2Vec and fastText produce co"
How does fastText use character n-grams?,7,0.4698,1,"word ""where"". First, add special characters “<” and “>” at the beginning and end of the word to distinguish prefixes and suffixes from other subwords. Then, extract character -grams from the word. For example, when , we obtain all subwords of length 3: ""<wh"", ""whe"", ""her"", ""ere"", ""re>"", and the special subword ""<where>"". In fastText, for any word , denote by  the union of all its subwords of lengt"
How does fastText use character n-grams?,8,0.4747,1,"morphological information, the fastText model proposed a subword embedding approach, where a subword is a character -gram :cite:Bojanowski.Grave.Joulin.ea.2017. Instead of learning word-level vector representations, fastText can be considered as the subword-level skip-gram, where each center word is represented by the sum of its subword vectors. Let's illustrate how to obtain subwords for each cen"
How does fastText use character n-grams?,9,0.4751,0,"database (https://googleresearch.blogspot.com/2006/08/all-our-n-gram-are-belong-to-you.html) (September 2006) STATOPERATOR N-grams Project Weighted n-gram viewer for every domain in Alexa Top 1M (http://data.statoperator.com/) 1,000,000 most frequent 2,3,4,5-grams (http://www.ngrams.info/) from the 425 million word Corpus of Contemporary American English References Further reading External links"
How does fastText use character n-grams?,10,0.4907,0,"(or, less commonly, a ""digram"") etc. If, instead of the Latin ones, the English cardinal numbers are furtherly used, then they are called ""four-gram"", ""five-gram"", etc. Similarly, Greek numerical prefixes such as ""monomer"", ""dimer"", ""trimer"", ""tetramer"", ""pentamer"", etc., or English cardinal numbers, ""one-mer"", ""two-mer"", ""three-mer"", etc. are used in computational biology for polymers or oligomer"
Why does the transformer use positional encoding?,1,0.3769,0,"The Transformer is an instance of the encoder--decoder architecture, though either the encoder or the decoder can be used individually in practice. In the Transformer architecture, multi-head self-attention is used for representing the input sequence and theoutput sequence, though the decoder has to preserve the autoregressive property via a masked version. Both the residual connections"
Why does the transformer use positional encoding?,2,0.4425,0,"The Transformer decoder is also a stack of multiple identical layers with residual connections and layer normalizations. As well as the two sublayers described in the encoder, the decoder inserts a third sublayer, known as the encoder--decoder attention, between thesetwo. In the encoder--decoder attention, queries are from the outputs of the decoder's self-attention sublayer, and the keys and valu"
Why does the transformer use positional encoding?,3,0.4446,0,and the layer normalization in the Transformer are important for training a very deep model. The positionwise feed-forward network inthe Transformer model transforms the representation at all the sequence positions using the same MLP. Exercises 1. Train a deeper Transformer in the experiments. How does it affect the training speed and the translation performance?2. Is it a good idea to replace sca
Why does the transformer use positional encoding?,4,0.4567,0,"applications, such as in areas to do with language, vision, speech, and reinforcement learning. The Transformer Architecture import mathimport pandas as pdimport torchfrom torch import nnfrom d2l import torch as d2l As an instance of the encoder--decoder architecture, the overall architecture of the Transformer is presented in :numref:fig_transformer. As we can see, the Transformer is composed of"
Why does the transformer use positional encoding?,5,0.4638,0,"are from the Transformer encoder outputs. In the decoder self-attention, queries, keys, and values are all from the outputs of theprevious decoder layer. However, each position in the decoder is allowed only to attend to all positions in the decoder up to that position. This masked attention preserves the autoregressive property, ensuring that the prediction only depends on those output tokens tha"
Why does the transformer use positional encoding?,6,0.4653,0,"representations will be fed into an added output layer, with minimal changes to the model architecture depending on nature of tasks, such as predicting for every token vs. predicting for the entire sequence. Second, all the parameters of the pretrained Transformer Bidirectional Encoder Representations from Transformers (BERT) x f(x) x x f(x,c(x)) x c(x)"
Why does the transformer use positional encoding?,7,0.4725,0,"Now we [construct the entire Transformer decoder] composed of num_blks instances of TransformerDecoderBlock. In the end, a fully connected layer computes the prediction for all the vocab_size possible output tokens. Both of the decoder self-attentionweights and the encoder--decoder attention weights are stored for later visualization."
Why does the transformer use positional encoding?,8,0.4814,0,"3. For language modeling, should we use the Transformer encoder, decoder, or both? How would you design this method? 4. What challenges can Transformers face if input sequences are very long? Why?5. How would you improve the computational and memory efficiency of Transformers? Hint: you may refer to the survey paper by :citet:Tay.Dehghani.Bahri.ea.2020. Summary Discussions"
Why does the transformer use positional encoding?,9,0.5045,0,"An illustration of the main components of the transformer model from the original paper, where layers were normalized after (instead of before) multiheaded attention As machine learning algorithms process numbers rather than text, the text must be converted to numbers. In the first step, a vocabulary is decided upon, then integer indices are arbitrarily but uniquely assigned to each vocabulary ent"
Why does the transformer use positional encoding?,10,0.5337,0,"connection is employed around both sublayers. In the Transformer, for any input  at any position of the sequence, we require that  so that the residual connection  is feasible. This addition from the residual connection is immediately followed by layer normalization :cite:Ba.Kiros.Hinton.2016. As a result, the Transformer encoder outputs a -dimensional vector representation for each position of th"
What is word error rate?,1,0.2951,1,"measures: amplitude (strength), and frequency (vibrations per second).[158] Accuracy can be computed with the help of WER, which is calculated by aligning the recognized word and referenced word using dynamic string alignment. The problem may occur while computing the WER due to the difference between the sequence lengths of the recognized word and referenced word. The formula to compute the word "
What is word error rate?,2,0.4092,1,"where s is the number of substitutions, d is the number of deletions, i is the number of insertions, and n is the number of word references.[159] While computing, the word recognition rate (WRR) is used. The formula is: where h is the number of correctly recognized words: Speech recognition can become a means of attack, theft, or accidental operation. For example, activation words like ""Alexa"" spo"
What is word error rate?,3,0.4146,0,"elapsed time. Other measures of accuracy include Single Word Error Rate (SWER) and Command Success Rate (CSR). Speech recognition is complicated by many properties of speech. Vocalizations vary in terms of accent, pronunciation, articulation, roughness, dialect, nasality, pitch, volume, and speed. Speech is distorted by background noise, echoes, and recording characteristics. Accuracy of speech re"
What is word error rate?,4,0.4594,0,"The accuracy of speech recognition may vary depending on the following factors: Error rates increase as the vocabulary size grows: e.g. the 10 digits ""zero"" to ""nine"" can be recognized essentially perfectly, but vocabulary sizes of 200, 5000, or 100000 may have error rates of 3%, 7%, or 45% respectively. Vocabulary is hard to recognize if it contains confusing letters: e.g. the 26 letters of the E"
What is word error rate?,5,0.48,0,"more time to fix.[146] The act of having to go back and revise misheard words helps students to see and fix their mistakes.[142] This has been shown to increase error recognition skills for users.[145] ASR is now commonplace in the field of telephony. In telephony systems, ASR is predominantly used in contact centers by integrating it with IVR systems. People with disabilities Other domains"
What is word error rate?,6,0.5038,0,"were found to write faster[142][143] and to have longer, more complex sentences[143] with less errors.[144] Self esteem[141] of young students with learning disabilities was found to rise when using speech to text due to decreased levels of anxiety[145] associated with writing. Students make less mistakes when using the software compared to handwriting which makes them more confident in their writ"
What is word error rate?,7,0.5096,0,"Communication Association, pp. 1917–1921, archived (https://web.archive.org/web/202409090 53932/https://www.isca-speech.org/archive/pdfs/interspeech_2015/loukina15_interspeech.pdf) (PDF) from the original on 9 September 2024, retrieved 9 September 2024, ""only 16% of the variability in word-level intelligibility can be explained by the presence of obvious mispronunciations."""
What is word error rate?,8,0.5138,0,"accuracy test which is implemented in Word2Vec,[33] or develop their own test set which is meaningful to the corpora which make up the model. This approach offers a more challenging test than simply arguing that the words most similar to a given test word are intuitively plausible.[1] The use of different model parameters and different corpus sizes can greatly affect the quality of a Word2Vec mode"
What is word error rate?,9,0.5163,0,"ker-independent). apxml.com. Retrieved 24 October 2025. 157. ""Media Streams - WebSocket Messages | Twilio"" (https://www.twilio.com/docs/voice/media-stre ams/websocket-messages?). twilio.com. Retrieved 24 October 2025. 158. ""Sound | Properties, Types, & Facts | Britannica"" (https://www.britannica.com/science/sound-ph ysics). Encyclopædia Britannica. 13 September 2025. Retrieved 24 October 2025. 159"
What is word error rate?,10,0.5166,0,"nonexistent in the Brown Corpus (an actual measurement of triple probabilities would require a much larger corpus). Both methods achieved an accuracy of over 95%. DeRose's 1990 dissertation at Brown University included analyses of the specific error types, probabilities, and other related data, and replicated his work for Greek, where it proved similarly effective. These findings were surprisingly"
What is named-entity recognition?,1,0.2983,1,"Named-entity recognition Named-entity recognition (NER) (also known as (named) entity identification, entity chunking, and entity extraction) is a subtask of information extraction that seeks to locate and classify named entities mentioned in unstructured text into pre-defined categories such as person names (PER), organizations (ORG), locations (LOC), geopolitical entities (GPE), vehicles (VEH), "
What is named-entity recognition?,2,0.3334,0,"pp. 1030–1038. 13. Nothman, Joel; et al. (2013). ""Learning multilingual named entity recognition from Wikipedia"". Artificial Intelligence. 194: 151–175. doi:10.1016/j.artint.2012.03.006 (https://doi.org/10.1016% 2Fj.artint.2012.03.006). 14. Jurafsky, Dan; Martin, James H. (2009). ""22.1. Named Entity Recognition"". Speech and language processing: an introduction to natural language processing, compu"
What is named-entity recognition?,3,0.3341,0,"1/). Ninth Conference of the European Chapter of the Association for Computational Linguistics. Bergen, Norway: Association for Computational Linguistics: 1–8. 16. Nadeau, David; Turney, Peter D.; Matwin, Stan (2006). ""Unsupervised Named-Entity Recognition: Generating Gazetteers and Resolving Ambiguity"" (https://link.springer.com/chapte r/10.1007/11766247_23). In Lamontagne, Luc; Marchand, Mario ("
What is named-entity recognition?,4,0.3403,0,"ceedings/muc_7_toc.html#named) 23. Turian, J., Ratinov, L., & Bengio, Y. (2010, July). Word representations: a simple and general method for semi-supervised learning. In Proceeding of the 48th Annual Meeting of the Association for Computational Linguistics (pp. 384–394). Association for Computational Linguistics. PDF (https://cogcomp.cs.illinois.edu/papers/TurianRaBe2010.pdf) 24. Ratinov, L., & Ro"
What is named-entity recognition?,5,0.3485,0,"Organizing Committee: 145–152. Jurafsky, Daniel; Martin, James H. (2008). ""13.5 Partial Parsing"". Speech and Language Processing (2nd ed.). Upper Saddle River, N.J.: Prentice Hall. ISBN 978-0131873216. Jurafsky, Daniel; Martin, James H. (2008). ""22.1. Named Entity Recognition"". Speech and Language Processing (2nd ed.). Upper Saddle River, N.J.: Prentice Hall. ISBN 978- 0131873216. Retrieved from """
What is named-entity recognition?,6,0.3626,0,"although ""Ford"" can refer to many other entities as well (see Ford). Rigid designators include proper names as well as terms for certain biological species and substances,[3] but exclude pronouns (such as ""it""; see coreference resolution), descriptions that pick out a referent by its properties (see also De dicto and de re), and names for kinds of things as opposed to individuals (for example ""Ban"
What is named-entity recognition?,7,0.3757,0,"(https://nlp.cs.nyu.edu/sekine/papers/li07.pdf) (PDF). Lingvisticae Investigationes. 4. Carreras, Xavier; Màrquez, Lluís; Padró, Lluís (2003). A simple named entity extractor using AdaBoost (https://www.aclweb.org/anthology/D/D03/W03-0421.pdf) (PDF). CoNLL. 5. Tjong Kim Sang, Erik F.; De Meulder, Fien (2003). Introduction to the CoNLL-2003 shared task: Language-independent named entity recognition"
What is named-entity recognition?,8,0.3932,0,"Wikipedia[31][32][33] can be seen as an instance of extremely fine-grained named-entity recognition, where the types are the actual Wikipedia pages describing the (potentially ambiguous) concepts. Below is an example output of a Wikification system: Another field that has seen progress but remains challenging is the application of NER to Twitter and other microblogs, considered ""noisy"" due to non-"
What is named-entity recognition?,9,0.3968,0,"For example, identifying a real entity, but: with fewer tokens than desired (for example, missing the last token of ""John Smith, M.D."") with more tokens than desired (for example, including the first word of ""The University of MD"") partitioning adjacent entities differently (for example, treating ""Smith, Jones Robinson"" as 2 vs. 3 entities) assigning it a completely wrong type (for example, callin"
What is named-entity recognition?,10,0.4204,0,"year (past June, next June, every June, etc.). It is arguable that the definition of named entity is loosened in such cases for practical reasons. The definition of the term named entity is therefore not strict and often has to be explained in the context in which it is used.[6] Certain hierarchies of named entity types have been proposed in the literature. BBN categories, proposed in 2002, are us"
What is retrieval-augmented generation?,1,0.3211,0,"generation-RAG). IBM. 22 August 2023. Retrieved 7 March 2025. 2. Zhao, Penghao; Zhang, Hailin; Yu, Qinhan; Wang, Zhengren; Geng, Yunteng; Fu, Fangcheng; Yang, Ling; Zhang, Wentao; Jiang, Jie; Cui, Bin (March 2026). ""Retrieval-Augmented Generation for AI-Generated Content: A Survey"" (https://doi.org/10.1007%2Fs41019-025-0033 5-5). Data Science and Engineering. 11 (1): 1–29. doi:10.1007/s41019-025-0"
What is retrieval-augmented generation?,2,0.3584,1,"Retrieval-augmented generation Retrieval-augmented generation (RAG) is a technique that enables large language models (LLMs) to retrieve and incorporate new information from external data sources.[1][2] With RAG, LLMs first refer to a specified set of documents, then respond to user queries. These documents supplement information from the LLM's pre-existing training data.[3] This allows LLMs to us"
What is retrieval-augmented generation?,3,0.3659,0,"retrieve.[3] On September 2025, Israel paid Clock Tower X $6 million in order to sway public opinion to a more favourable view of the country (hasbara) after support plummeted due to its genocidal conduct during the Gaza war. Clock Tower X used RAG poisoning to flood the information space with sites and content sympathetic to Israel.[19][20] 1. ""What is retrieval-augmented generation?"" (https://re"
What is retrieval-augmented generation?,4,0.4147,1,"could similarly follow user instructions. Before the stream of User and Assistant lines, a chat context usually starts with a few lines of overarching instructions, from a role called ""developer"" or ""system"" to convey a higher authority than the user's input. This is called a ""system prompt"". Retrieval-augmented generation (RAG) is an approach that integrates LLMs with document retrieval systems. "
What is retrieval-augmented generation?,5,0.4282,1,"Overview of RAG process, combining external documents and user input into an LLM prompt to get tailored output approach provides the LLM with key information early in the prompt, encouraging it to prioritize the supplied data over pre-existing training knowledge.[7] Retrieval-augmented generation (RAG) enhances large language models (LLMs) by incorporating an information-retrieval mechanism that a"
What is retrieval-augmented generation?,6,0.4309,0,"augmented generation (RAG), fine-tuning, and other methods.[121] The matter of LLM's exhibiting intelligence or understanding has two main aspects—the first is how to model thought and language in a computer system, and the second is how to enable the computer system to generate human-like language.[109] These aspects of language as a model of cognition have been developed in the field of cognitiv"
What is retrieval-augmented generation?,7,0.4343,0,"RAG also reduces the need to retrain LLMs with new data, saving on computational and financial costs.[1] Beyond efficiency gains, RAG also allows LLMs to include sources in their responses, so users can verify the cited sources. This provides greater transparency, as users can cross-check retrieved content to ensure accuracy and relevance. The term retrieval-augmented generation (RAG) was introduc"
What is retrieval-augmented generation?,8,0.4362,0,"Proceedings of the 43rd International ACM SIGIR Conference on Research and Development in Information Retrieval. pp. 39–48. doi:10.1145/3397271.3401075 (https://doi.org/10.1145%2F 3397271.3401075). ISBN 978-1-4503-8016-4. 12. Wang, Yup; Conroy, John M.; Molino, Neil; Yang, Julia; Green, Mike (2024). ""Laboratory for Analytic Sciences in TREC 2024 Retrieval Augmented Generation Track"" (https://trec."
What is retrieval-augmented generation?,9,0.4365,0,"Kiela, Douwe (2020). ""Retrieval-Augmented Generation for Knowledge-Intensive NLP Tasks"" (https://proceedings.neurips.cc/paper/2020/hash/6b493230205f780e1bc26945df7481e5-Abstra ct.html). Advances in Neural Information Processing Systems. 33. Curran Associates, Inc.: 9459–9474. arXiv:2005.11401 (https://arxiv.org/abs/2005.11401). 5. ""Can a technology called RAG keep AI models from making stuff up?"" "
What is retrieval-augmented generation?,10,0.4469,0,"Instructions"" (https://aclanthology.org/2023.acl-long.754/). Self-Instruct: Aligning Language Model with Self Generated Instructions. pp. 13484–13508. doi:10.18653/v1/2023.acl-long.754 (https://doi.org/10.18653%2Fv1%2F2023.acl-long.754). 62. Lewis, Patrick; Perez, Ethan; Piktus, Aleksandra; Petroni, Fabio; Karpukhin, Vladimir; Goyal, Naman; et al. (2020). ""Retrieval-Augmented Generation for Knowle"
